<?xml version="1.0" encoding="UTF-8" standalone="yes"?>
<addon id="repository.Provider.Converter" name=" Provider Converter Repo" version="1.0.0" provider-name="StarSeed">
	<extension point="xbmc.addon.repository" name="Provider Converter Repo">
        <info compressed="false">https://raw.githubusercontent.com/Stars33d/Provider-Converter-Repo/master/addons.xml</info>
        <checksum>https://raw.githubusercontent.com/Stars33d/Provider-Converter-Repo/master/addons.xml.md5</checksum>
        <datadir zip="true">https://raw.githubusercontent.com/Stars33d/Provider-Converter-Repo/master/</datadir>
	</extension>
	<extension point="xbmc.addon.metadata">
		<summary>Provider Converter Repository</summary>
		<description>Provider Converter Repository</description>
		<platform>all</platform>
	</extension>
</addon>
